,stock_zero,linear_best_s0,ridge_best_s0,dec_tree_s0,RFR_best_s0,xgb_regress_s0
0,0.5,0.0,0.0,0.0,0.0,0.0
1,0.51,0.0,0.0,0.0,0.0,0.0
2,0.52,0.0,0.0,0.0,0.0,0.0
3,0.53,0.0,0.0,0.0,0.0,0.0
4,0.54,0.0,0.0,0.0,0.0,0.0
5,0.55,0.0,0.0,0.0,0.0,0.0
6,0.56,0.0,0.0,0.0,0.0,0.0
7,0.5700000000000001,0.0,0.0,0.0,0.0,0.0
8,0.5800000000000001,0.0,0.0,0.0,0.0,0.0
9,0.5900000000000001,0.0,0.0,0.0,0.0,0.0
10,0.6000000000000001,0.0,0.0,0.0,0.0,0.0
11,0.6100000000000001,0.0,0.0,0.0,0.0,0.0
12,0.6200000000000001,0.0,0.0,0.0,0.0,0.0
13,0.6300000000000001,0.0,0.0,0.0,0.0,0.0
14,0.6400000000000001,0.0,0.0,0.0,0.0,0.0
15,0.6500000000000001,0.0,0.0,0.0,0.0,0.0
16,0.6600000000000001,0.0,0.0,0.0,0.0,0.0
17,0.6700000000000002,0.0,0.0,0.0,0.0,0.0
18,0.6800000000000002,0.0,0.0,0.0,0.0,0.0
19,0.6900000000000002,0.0,0.0,0.0,0.0,0.0
20,0.7000000000000002,0.0,0.0,0.0,0.0,0.0
21,0.7100000000000002,0.0,0.0,0.0,0.0,0.0
22,0.7200000000000002,0.0,0.0,0.0,0.0,0.0
23,0.7300000000000002,0.0,0.0,0.0,0.0,0.0
24,0.7400000000000002,0.0,0.0,0.0,0.0,0.0
25,0.7500000000000002,0.0,0.0,0.0,0.0,0.0
26,0.7600000000000002,0.0,0.0,0.0,0.0,0.0
27,0.7700000000000002,0.0,0.0,0.0,0.0,0.0
28,0.7800000000000002,0.0,0.0,0.0,0.0,0.0
29,0.7900000000000003,0.0,0.0,0.0,0.0,0.0
30,0.8000000000000003,0.0,0.0,0.0,0.0,0.0
31,0.8100000000000003,0.0,0.0,0.0,0.0,0.0
32,0.8200000000000003,0.0,0.0,0.0,0.0,0.0
33,0.8300000000000003,0.0,0.0,0.0,0.0,0.0
34,0.8400000000000003,0.0,0.0,0.0,0.0,0.0
35,0.8500000000000003,0.0,0.0,0.0,0.0,0.0
36,0.8600000000000003,0.0,0.0,0.0,0.0,0.0
37,0.8700000000000003,0.0,0.0,0.0,0.0,0.0
38,0.8800000000000003,0.0,0.0,0.0,0.0,0.0
39,0.8900000000000003,0.0,0.0,0.0,0.0,0.0
40,0.9000000000000004,0.0,0.0,0.0,0.0,0.0
41,0.9100000000000004,0.0,0.0,0.0,0.0,0.0
42,0.9200000000000004,0.0,0.0,0.0,0.0,0.0
43,0.9300000000000004,0.0,0.0,0.0,0.0,0.0
44,0.9400000000000004,0.0,0.0,0.0,0.0,0.0
45,0.9500000000000004,0.0,0.0,0.0,0.0,0.0
46,0.9600000000000004,0.0,0.0,0.0,0.0,0.0
47,0.9700000000000004,0.0,0.0,0.0,0.0,0.0
48,0.9800000000000004,0.0,0.0,0.0,0.0,0.0
49,0.9900000000000004,0.0,0.0,0.0,0.0,0.0
50,1.0000000000000004,0.0,0.0,0.0,0.0,0.0
51,1.0100000000000005,0.0,0.0,0.0,0.0,0.0
52,1.0200000000000005,0.0,0.0,0.0,0.0,0.0
53,1.0300000000000005,0.0,0.0,0.0,0.0,0.0
54,1.0400000000000005,0.0,0.0,0.0,0.0,0.0
55,1.0500000000000005,0.0,0.0,0.0,0.0,0.0
56,1.0600000000000005,0.0,0.0,0.0,0.0,0.0
57,1.0700000000000005,0.0,0.0,0.0,0.0,0.0
58,1.0800000000000005,0.0,0.0,0.0,0.0,0.0
59,1.0900000000000005,0.0,0.0,0.0,0.0,0.0
60,1.1000000000000005,0.0,0.0,0.0,0.0,0.0
61,1.1100000000000005,0.0,0.0,0.0,0.0,0.0
62,1.1200000000000006,0.0,0.0,0.0,0.0,0.0
63,1.1300000000000006,0.0,0.0,0.0,0.0,0.0
64,1.1400000000000006,0.0,0.0,0.0,0.0,0.0
65,1.1500000000000006,0.0,0.0,0.0,0.0,0.0
66,1.1600000000000006,0.0,0.0,0.0,0.0,0.0
67,1.1700000000000006,0.0,0.0,0.0,0.0,0.0
68,1.1800000000000006,0.0,0.0,0.0,0.0,0.0
69,1.1900000000000006,0.0,0.0,0.0,0.0,0.0
70,1.2000000000000006,0.0,0.0,0.0,0.0,0.0
71,1.2100000000000006,0.0,0.0,0.0,0.0,0.0
72,1.2200000000000006,0.0,0.0,0.0,0.0,0.0
73,1.2300000000000006,0.0,0.0,0.0,0.0,0.0
74,1.2400000000000007,0.0,0.0,0.0,0.0,0.0
75,1.2500000000000007,0.0,0.0,0.0,0.0,0.0
76,1.2600000000000007,0.0,0.0,0.0,0.0,0.0
77,1.2700000000000007,0.0,0.0,0.0,0.0,0.0
78,1.2800000000000007,0.0,0.0,0.0,0.0,0.0
79,1.2900000000000007,0.0,0.0,0.0,0.0,0.0
80,1.3000000000000007,0.0,0.0,0.0,0.0,0.0
81,1.3100000000000007,0.0,0.0,0.0,0.0,0.0
82,1.3200000000000007,0.0,0.0,0.0,0.0,0.0
83,1.3300000000000007,0.0,0.0,0.0,0.0,0.0
84,1.3400000000000007,0.0,0.0,0.0,0.0,0.0
85,1.3500000000000008,0.0,0.0,0.0,0.0,0.0
86,1.3600000000000008,0.0,0.0,0.0,0.0,0.0
87,1.3700000000000008,0.0,0.0,0.0,0.0,0.0
88,1.3800000000000008,0.0,0.0,0.0,0.0,0.0
89,1.3900000000000008,0.0,0.0,0.0,0.0,0.0
90,1.4000000000000008,0.0,0.0,0.0,0.0,0.0
91,1.4100000000000008,0.0,0.0,0.0,0.0,0.0
92,1.4200000000000008,0.0,0.0,0.0,0.0,0.0
93,1.4300000000000008,0.0,0.0,0.0,0.0,0.0
94,1.4400000000000008,0.0,0.0,0.0,0.0,0.0
95,1.4500000000000008,0.0,0.0,0.0,0.0,0.0
96,1.4600000000000009,0.0,0.0,0.0,0.0,0.0
97,1.4700000000000009,0.0,0.0,0.0,0.0,0.0
98,1.4800000000000009,0.0,0.0,0.0,0.0,0.0
99,1.4900000000000009,0.0,0.0,0.0,0.0,0.0
100,1.5000000000000009,0.0,0.0,0.0,0.0,0.0
101,1.510000000000001,0.0,0.0,0.0,0.0,0.0
102,1.520000000000001,0.0,0.0,0.0,0.0,0.0
103,1.530000000000001,0.0,0.0,0.0,0.0,0.0
104,1.540000000000001,0.0,0.0,0.0,0.0,0.0
105,1.550000000000001,0.0,0.0,0.0,0.0,0.0
106,1.560000000000001,0.0,0.0,0.0,0.0,0.0
107,1.570000000000001,0.0,0.0,0.0,0.0,0.0
108,1.580000000000001,0.0,0.0,0.0,0.0,0.0
109,1.590000000000001,0.0,0.0,0.0,0.0,0.0
110,1.600000000000001,0.0,0.0,0.0,0.0,0.0
111,1.610000000000001,0.0,0.0,0.0,0.0,0.0
112,1.620000000000001,0.0,0.0,0.0,0.0,0.0
113,1.630000000000001,0.0,0.0,0.0,0.0,0.0
114,1.640000000000001,0.0,0.0,0.0,0.0,0.0
115,1.650000000000001,0.0,0.0,0.0,0.0,0.0
116,1.660000000000001,0.0,0.0,0.0,0.0,0.0
117,1.670000000000001,0.0,0.0,0.0,0.0,0.0
118,1.680000000000001,0.0,0.0,0.0,0.0,0.0
119,1.690000000000001,0.0,0.0,0.0,0.0,0.0
120,1.700000000000001,0.0,0.0,0.0,0.0,0.0
121,1.710000000000001,0.0,0.0,0.0,0.0,0.0
122,1.720000000000001,0.0,0.0,0.0,0.0,0.0
123,1.730000000000001,0.0,0.0,0.0,0.0,0.0
124,1.740000000000001,0.0,0.0,0.0,0.0,0.0
125,1.750000000000001,0.0,0.0,0.0,0.0,0.0
126,1.7600000000000011,0.0,0.0,0.0,0.0,0.0
127,1.7700000000000011,0.0,0.0,0.0,0.0,0.0
128,1.7800000000000011,0.0,0.0,0.0,0.0,0.0
129,1.7900000000000011,0.0,0.0,0.0,0.0,0.0
130,1.8000000000000012,0.0,0.0,0.0,0.0,0.0
131,1.8100000000000012,0.0,0.0,0.0,0.0,0.0
132,1.8200000000000012,0.0,0.0,0.0,0.0,0.0
133,1.8300000000000012,0.0,0.0,0.0,0.0,0.0
134,1.8400000000000012,0.0,0.0,0.0,0.0,0.0
135,1.8500000000000012,0.0,0.0,0.0,0.0,0.0
136,1.8600000000000012,0.0,0.0,0.0,0.0,0.0
137,1.8700000000000012,0.0,0.0,0.0,0.0,0.0
138,1.8800000000000012,0.0,0.0,0.0,0.0,0.0
139,1.8900000000000012,0.0,0.0,0.0,0.0,0.0
140,1.9000000000000012,0.0,0.0,0.0,0.0,0.0
141,1.9100000000000013,0.0,0.0,0.0,0.0,0.0
142,1.9200000000000013,0.0,0.0,0.0,0.0,0.0
143,1.9300000000000013,0.0,0.0,0.0,0.0,0.0
144,1.9400000000000013,0.0,0.0,0.0,0.0,0.0
145,1.9500000000000013,0.0,0.0,0.0,0.0,0.0
146,1.9600000000000013,0.0,0.0,0.0,0.0,0.0
147,1.9700000000000013,0.0,0.0,0.0,0.0,0.0
148,1.9800000000000013,0.0,0.0,0.0,0.0,0.0
149,1.9900000000000013,0.0,0.0,0.0,0.0,0.0
150,2.0000000000000013,0.0,0.0,0.0,0.0,0.0
151,2.0100000000000016,0.0,0.0,0.0,0.0,0.0
152,2.0200000000000014,0.0,0.0,0.0,0.0,0.0
153,2.030000000000001,0.0,0.0,0.0,0.0,0.0
154,2.0400000000000014,0.0,0.0,0.0,0.0,0.0
155,2.0500000000000016,0.0,0.0,0.0,0.0,0.0
156,2.0600000000000014,0.0,0.0,0.0,0.0,0.0
157,2.070000000000001,0.0,0.0,0.0,0.0,0.0
158,2.0800000000000014,0.0,0.0,0.0,0.0,0.0
159,2.0900000000000016,0.0,0.0,0.0,0.0,0.0
160,2.1000000000000014,0.0,0.0,0.0,0.0,0.0
161,2.110000000000001,0.0,0.0,0.0,0.0,0.0
162,2.1200000000000014,0.0,0.0,0.0,0.0,0.0
163,2.1300000000000017,0.22003394009399768,0.22003394009399768,0.37254883219333673,0.28876627451767056,0.38953102
164,2.1400000000000015,0.2293634994703937,0.2293634994703937,0.37254883219333673,0.2833109489693716,0.38953102
165,2.1500000000000012,0.2386930588467897,0.2386930588467897,0.37254883219333673,0.3110404225521719,0.38953102
166,2.1600000000000015,0.24802261822318572,0.24802261822318572,0.37254883219333673,0.31657277067036543,0.38953102
167,2.1700000000000017,0.2573521775995822,0.2573521775995822,0.37254883219333673,0.3188926371070076,0.38953102
168,2.1800000000000015,0.26668173697597775,0.26668173697597775,0.37254883219333673,0.3200141855359627,0.38953102
169,2.1900000000000013,0.27601129635237376,0.27601129635237376,0.37254883219333673,0.3239610223262352,0.38953102
170,2.2000000000000015,0.2853408557287702,0.2853408557287702,0.37254883219333673,0.3239610223262352,0.38953102
171,2.2100000000000017,0.29467041510516623,0.29467041510516623,0.37254883219333673,0.35664627856030606,0.38953102
172,2.2200000000000015,0.30399997448156224,0.30399997448156224,0.37254883219333673,0.33001020728968355,0.39060718
173,2.2300000000000013,0.31332953385795825,0.31332953385795825,0.37254883219333673,0.3374860682413177,0.39060718
174,2.2400000000000015,0.32265909323435427,0.32265909323435427,0.37254883219333673,0.331799504906597,0.39060718
175,2.2500000000000018,0.3319886526107507,0.3319886526107507,0.37254883219333673,0.35017324962506946,0.39323997
176,2.2600000000000016,0.34131821198714674,0.34131821198714674,0.37254883219333673,0.35265319166364334,0.39421034
177,2.2700000000000014,0.3506477713635423,0.3506477713635423,0.37254883219333673,0.3834586136576305,0.39977944
178,2.2800000000000016,0.35997733073993876,0.35997733073993876,0.37254883219333673,0.38779853300713635,0.406322
179,2.290000000000002,0.3693068901163352,0.3693068901163352,0.37254883219333673,0.3860334329059606,0.406322
180,2.3000000000000016,0.3786364494927308,0.3786364494927308,0.37254883219333673,0.3860334329059606,0.40894967
181,2.3100000000000014,0.3879660088691268,0.3879660088691268,0.37254883219333673,0.4009299289714972,0.41656062
182,2.3200000000000016,0.39729556824552326,0.39729556824552326,0.37254883219333673,0.3967697351918511,0.4189035
183,2.330000000000002,0.40662512762191927,0.40662512762191927,0.37254883219333673,0.39251618767752594,0.4200241
184,2.3400000000000016,0.4159546869983153,0.4159546869983153,0.37254883219333673,0.4216701240251115,0.43347153
185,2.3500000000000014,0.4252842463747113,0.4252842463747113,0.37254883219333673,0.43053018183030856,0.43597716
186,2.3600000000000017,0.4346138057511073,0.4346138057511073,0.37254883219333673,0.4530391425680766,0.44642478
187,2.370000000000002,0.44394336512750376,0.44394336512750376,0.37254883219333673,0.46205779198534475,0.45968834
188,2.3800000000000017,0.45327292450389933,0.45327292450389933,0.37254883219333673,0.47170218902130784,0.46162373
189,2.3900000000000015,0.46260248388029535,0.46260248388029535,0.37254883219333673,0.4635510599084224,0.46635258
190,2.4000000000000017,0.4719320432566918,0.4719320432566918,0.37254883219333673,0.4730762583244589,0.46824056
191,2.410000000000002,0.4812616026330878,0.4812616026330878,0.37254883219333673,0.4729990749038603,0.47547367
192,2.4200000000000017,0.4905911620094838,0.4905911620094838,0.37254883219333673,0.5057441889293969,0.4838331
193,2.4300000000000015,0.49992072138587984,0.49992072138587984,0.6032309731780933,0.5171595324587601,0.49986407
194,2.4400000000000017,0.5092502807622759,0.5092502807622759,0.6032309731780933,0.5026760422651116,0.49986407
195,2.450000000000002,0.5185798401386723,0.5185798401386723,0.6032309731780933,0.5073484796224382,0.5012293
196,2.4600000000000017,0.5279093995150683,0.5279093995150683,0.6032309731780933,0.5347604547825943,0.5115302
197,2.4700000000000015,0.5372389588914639,0.5372389588914639,0.6032309731780933,0.5462872741879459,0.5268714
198,2.4800000000000018,0.5465685182678603,0.5465685182678603,0.6032309731780933,0.5509111968709853,0.5268714
199,2.490000000000002,0.5558980776442568,0.5558980776442568,0.6032309731780933,0.5482273215020312,0.5268714
200,2.5000000000000018,0.5652276370206524,0.5652276370206524,0.6032309731780933,0.5433380618713061,0.5268714
201,2.5100000000000016,0.5745571963970484,0.5745571963970484,0.6032309731780933,0.5433380618713061,0.5268714
202,2.520000000000002,0.5838867557734448,0.5838867557734448,0.6032309731780933,0.5264946228468356,0.5268714
203,2.530000000000002,0.5932163151498409,0.5932163151498409,0.6032309731780933,0.5169538698891178,0.5268714
204,2.540000000000002,0.6025458745262369,0.6025458745262369,0.6032309731780933,0.526907259309179,0.53524137
205,2.5500000000000016,0.6118754339026329,0.6118754339026329,0.6032309731780933,0.5175509670739399,0.5378339
206,2.560000000000002,0.6212049932790289,0.6212049932790289,0.6032309731780933,0.7040153732100919,0.62939656
207,2.570000000000002,0.6305345526554254,0.6305345526554254,0.6032309731780933,0.6829046840401232,0.6313262
208,2.580000000000002,0.6398641120318209,0.6398641120318209,0.6032309731780933,0.6751015457728371,0.6353421
209,2.5900000000000016,0.6491936714082169,0.6491936714082169,0.6032309731780933,0.6830533157574088,0.6374936
210,2.600000000000002,0.6585232307846134,0.6585232307846134,0.6032309731780933,0.6830533157574088,0.65169764
211,2.610000000000002,0.6678527901610094,0.6678527901610094,0.6032309731780933,0.6841054975442744,0.6544155
212,2.620000000000002,0.6771823495374054,0.6771823495374054,0.6032309731780933,0.6872989843007548,0.66209483
213,2.6300000000000017,0.6865119089138014,0.6865119089138014,0.6032309731780933,0.6847359993932721,0.66209483
214,2.640000000000002,0.6958414682901974,0.6958414682901974,0.6032309731780933,0.6847359993932721,0.66209483
215,2.650000000000002,0.7051710276665939,0.7051710276665939,0.6032309731780933,0.6847359993932721,0.66556907
216,2.660000000000002,0.7145005870429899,0.7145005870429899,0.6032309731780933,0.6847359993932721,0.6664145
217,2.6700000000000017,0.7238301464193855,0.7238301464193855,0.6032309731780933,0.6847359993932721,0.6664145
218,2.680000000000002,0.7331597057957819,0.7331597057957819,0.6032309731780933,0.6654301885589982,0.6740635
219,2.690000000000002,0.7424892651721784,0.7424892651721784,0.8408259979188991,0.7126508280684323,0.69143385
220,2.700000000000002,0.751818824548574,0.751818824548574,0.8408259979188991,0.7126508280684323,0.69580114
221,2.7100000000000017,0.76114838392497,0.76114838392497,0.8408259979188991,0.717402748316902,0.7075987
222,2.720000000000002,0.7704779433013664,0.7704779433013664,0.8408259979188991,0.813166927244702,0.7616466
223,2.730000000000002,0.7798075026777624,0.7798075026777624,0.8408259979188991,0.8056671633599887,0.76856536
224,2.740000000000002,0.7891370620541585,0.7891370620541585,0.8408259979188991,0.8056671633599887,0.76856536
225,2.7500000000000018,0.798466621430554,0.798466621430554,0.8408259979188991,0.8079963719060523,0.76856536
226,2.760000000000002,0.8077961808069505,0.8077961808069505,0.8408259979188991,0.8079963719060523,0.77385294
227,2.7700000000000022,0.8171257401833469,0.8171257401833469,0.8408259979188991,0.8079963719060523,0.77572143
228,2.780000000000002,0.8264552995597425,0.8264552995597425,0.8408259979188991,0.8079963719060523,0.7813294
229,2.790000000000002,0.8357848589361385,0.8357848589361385,0.8408259979188991,0.8186182179089013,0.78837323
230,2.800000000000002,0.845114418312535,0.845114418312535,0.8408259979188991,0.8139997885769427,0.79018736
231,2.8100000000000023,0.854443977688931,0.854443977688931,0.8408259979188991,0.8201378789652469,0.7937107
232,2.820000000000002,0.863773537065327,0.863773537065327,0.8408259979188991,0.8394473370273227,0.79870164
233,2.830000000000002,0.873103096441723,0.873103096441723,0.8408259979188991,0.8456707226958874,0.79870164
234,2.840000000000002,0.882432655818119,0.882432655818119,0.8408259979188991,0.8424372615861345,0.80245614
235,2.8500000000000023,0.8917622151945155,0.8917622151945155,0.8408259979188991,0.8964759378306677,0.81893253
236,2.860000000000002,0.9010917745709115,0.9010917745709115,0.8408259979188991,0.8985431430345692,0.82783496
237,2.870000000000002,0.9104213339473071,0.9104213339473071,0.8408259979188991,0.8995994537278647,0.8291709
238,2.880000000000002,0.9197508933237035,0.9197508933237035,0.8408259979188991,0.8969972587730798,0.83071876
239,2.8900000000000023,0.9290804527000995,0.9290804527000995,0.8408259979188991,0.8969972587730798,0.8337319
240,2.900000000000002,0.9384100120764955,0.9384100120764955,0.8408259979188991,0.8969972587730798,0.83640075
241,2.910000000000002,0.9477395714528916,0.9477395714528916,0.8408259979188991,0.8915926243515437,0.83640075
242,2.920000000000002,0.9570691308292876,0.9570691308292876,0.8408259979188991,0.9206864534143832,0.851897
243,2.9300000000000024,0.966398690205684,0.966398690205684,0.8408259979188991,0.9240874964623558,0.851897
244,2.940000000000002,0.97572824958208,0.97572824958208,0.8408259979188991,0.9199691107973572,0.8527837
245,2.950000000000002,0.9850578089584756,0.9850578089584756,1.0618535809170524,0.9892061852182807,0.88460237
246,2.960000000000002,0.9943873683348721,0.9943873683348721,1.0618535809170524,0.9899817133830981,0.89778066
247,2.9700000000000024,1.0037169277112685,1.0037169277112685,1.0618535809170524,1.024904379573407,0.9222504
248,2.980000000000002,1.013046487087664,1.013046487087664,1.0618535809170524,1.0245007447939656,0.9246652
249,2.990000000000002,1.02237604646406,1.02237604646406,1.0618535809170524,1.0284430632157298,0.932765
250,3.000000000000002,1.0317056058404566,1.0317056058404566,1.0618535809170524,1.0284430632157298,0.93700314
251,3.0100000000000025,1.0410351652168526,1.0410351652168526,1.0618535809170524,1.0284430632157298,0.94244635
252,3.0200000000000022,1.0503647245932486,1.0503647245932486,1.0618535809170524,1.0331148644467207,0.95721245
253,3.030000000000002,1.0596942839696446,1.0596942839696446,1.0618535809170524,1.0258379527090538,0.95721245
254,3.0400000000000023,1.0690238433460406,1.0690238433460406,1.0618535809170524,1.0342091948470606,0.9660945
255,3.0500000000000025,1.078353402722437,1.078353402722437,1.0618535809170524,1.043975217190074,0.9748775
256,3.0600000000000023,1.087682962098833,1.087682962098833,1.0618535809170524,1.0361556599266075,0.9748775
257,3.070000000000002,1.0970125214752287,1.0970125214752287,1.0618535809170524,1.1050679743837073,1.0046114
258,3.0800000000000023,1.106342080851625,1.106342080851625,1.0618535809170524,1.1176460106578459,1.0219135
259,3.0900000000000025,1.1156716402280211,1.1156716402280211,1.0618535809170524,1.1180679839795042,1.0338986
260,3.1000000000000023,1.1250011996044171,1.1250011996044171,1.0618535809170524,1.1214460870201866,1.0372262
261,3.110000000000002,1.1343307589808131,1.1343307589808131,1.0618535809170524,1.1094891394894704,1.0372262
262,3.1200000000000023,1.1436603183572092,1.1436603183572092,1.0618535809170524,1.1094891394894704,1.0372262
263,3.1300000000000026,1.1529898777336056,1.1529898777336056,1.0618535809170524,1.1094891394894704,1.0372262
264,3.1400000000000023,1.1623194371100016,1.1623194371100016,1.0618535809170524,1.1094891394894704,1.0372262
265,3.150000000000002,1.1716489964863972,1.1716489964863972,1.0618535809170524,1.1094891394894704,1.0428433
266,3.1600000000000024,1.1809785558627937,1.1809785558627937,1.0618535809170524,1.0383406794307535,1.0512164
267,3.1700000000000026,1.1903081152391901,1.1903081152391901,1.2958955003402064,1.202806334013846,1.0962883
268,3.1800000000000024,1.1996376746155857,1.1996376746155857,1.2958955003402064,1.1990043608341454,1.110507
269,3.190000000000002,1.2089672339919817,1.2089672339919817,1.2958955003402064,1.201880621312202,1.110507
270,3.2000000000000024,1.2182967933683782,1.2182967933683782,1.2958955003402064,1.197156854436767,1.1192808
271,3.2100000000000026,1.2276263527447742,1.2276263527447742,1.2958955003402064,1.2213139188011428,1.1296916
272,3.2200000000000024,1.2369559121211702,1.2369559121211702,1.2958955003402064,1.226305204820495,1.1559968
273,3.230000000000002,1.2462854714975662,1.2462854714975662,1.2958955003402064,1.2184728598530818,1.1623962
274,3.2400000000000024,1.2556150308739622,1.2556150308739622,1.2958955003402064,1.2175053936964186,1.1703897
275,3.2500000000000027,1.2649445902503587,1.2649445902503587,1.2958955003402064,1.3139450590296216,1.1991806
276,3.2600000000000025,1.2742741496267547,1.2742741496267547,1.2958955003402064,1.2857573750915607,1.1991806
277,3.2700000000000022,1.2836037090031502,1.2836037090031502,1.2958955003402064,1.2952522192035312,1.2045381
278,3.2800000000000025,1.2929332683795467,1.2929332683795467,1.2958955003402064,1.312637471725642,1.2131164
279,3.2900000000000027,1.3022628277559427,1.3022628277559427,1.2958955003402064,1.3117467308650463,1.2193873
280,3.3000000000000025,1.3115923871323387,1.3115923871323387,1.2958955003402064,1.3117467308650463,1.2218034
281,3.3100000000000023,1.3209219465087347,1.3209219465087347,1.2958955003402064,1.3236260648025802,1.2239634
282,3.3200000000000025,1.3302515058851307,1.3302515058851307,1.2958955003402064,1.3132385879792325,1.2273626
283,3.3300000000000027,1.3395810652615272,1.3395810652615272,1.2958955003402064,1.3078915597608023,1.2273626
284,3.3400000000000025,1.3489106246379232,1.3489106246379232,1.2958955003402064,1.3398678201162177,1.2408128
285,3.3500000000000023,1.3582401840143188,1.3582401840143188,1.2958955003402064,1.31704421789489,1.2493653
286,3.3600000000000025,1.3675697433907152,1.3675697433907152,1.2958955003402064,1.359121927867654,1.2568376
287,3.3700000000000028,1.3768993027671117,1.3768993027671117,1.2958955003402064,1.3773010790989708,1.25934
288,3.3800000000000026,1.3862288621435073,1.3862288621435073,1.2958955003402064,1.3704132876483168,1.25934
289,3.3900000000000023,1.3955584215199033,1.3955584215199033,1.2958955003402064,1.3704132876483168,1.25934
290,3.4000000000000026,1.4048879808962997,1.4048879808962997,1.2958955003402064,1.367782964879976,1.261371
291,3.410000000000003,1.4142175402726958,1.4142175402726958,1.2958955003402064,1.348175154478241,1.261371
292,3.4200000000000026,1.4235470996490918,1.4235470996490918,1.2958955003402064,1.37189062859633,1.2661568
293,3.4300000000000024,1.4328766590254878,1.4328766590254878,1.506696953157148,1.3911279515837018,1.2778878
294,3.4400000000000026,1.4422062184018838,1.4422062184018838,1.506696953157148,1.4172989908609899,1.2944314
295,3.450000000000003,1.4515357777782802,1.4515357777782802,1.506696953157148,1.4285703003052634,1.2984116
296,3.4600000000000026,1.4608653371546763,1.4608653371546763,1.506696953157148,1.5212409602409918,1.3204002
297,3.4700000000000024,1.4701948965310718,1.4701948965310718,1.506696953157148,1.4658652298241628,1.3255647
298,3.4800000000000026,1.4795244559074683,1.4795244559074683,1.506696953157148,1.4735764096620563,1.329437
299,3.490000000000003,1.4888540152838643,1.4888540152838643,1.506696953157148,1.4845342925806841,1.339369
300,3.5000000000000027,1.4981835746602603,1.4981835746602603,1.506696953157148,1.487254610268533,1.3481864
301,3.5100000000000025,1.5075131340366563,1.5075131340366563,1.506696953157148,1.5136767077994842,1.3627958
302,3.5200000000000027,1.5168426934130523,1.5168426934130523,1.506696953157148,1.5371840464672826,1.384202
303,3.530000000000003,1.5261722527894488,1.5261722527894488,1.506696953157148,1.5235467713044701,1.384202
304,3.5400000000000027,1.5355018121658448,1.5355018121658448,1.506696953157148,1.5475607216198048,1.3963466
305,3.5500000000000025,1.5448313715422404,1.5448313715422404,1.506696953157148,1.5435260837593785,1.4055549
306,3.5600000000000027,1.5541609309186368,1.5541609309186368,1.506696953157148,1.5976379888661578,1.4259045
307,3.570000000000003,1.5634904902950333,1.5634904902950333,1.506696953157148,1.5799572476086368,1.4294767
308,3.5800000000000027,1.5728200496714289,1.5728200496714289,1.506696953157148,1.5713586061659308,1.4294767
309,3.5900000000000025,1.5821496090478249,1.5821496090478249,1.506696953157148,1.5867277280230707,1.4294767
310,3.6000000000000028,1.5914791684242213,1.5914791684242213,1.506696953157148,1.5719948176628393,1.4361651
311,3.610000000000003,1.6008087278006173,1.6008087278006173,1.506696953157148,1.6039179273599666,1.4553716
312,3.6200000000000028,1.6101382871770133,1.6101382871770133,1.7193332686090208,1.6294308288606607,1.4752944
313,3.6300000000000026,1.6194678465534094,1.6194678465534094,1.7193332686090208,1.6639919668942367,1.4910719
314,3.640000000000003,1.6287974059298054,1.6287974059298054,1.7193332686090208,1.649794795763055,1.4910719
315,3.650000000000003,1.6381269653062018,1.6381269653062018,1.7193332686090208,1.6722939890535988,1.4929698
316,3.660000000000003,1.6474565246825974,1.6474565246825974,1.7193332686090208,1.6295672280166045,1.5015582
317,3.6700000000000026,1.6567860840589934,1.6567860840589934,1.7193332686090208,1.6844093055546976,1.5278591
318,3.680000000000003,1.6661156434353899,1.6661156434353899,1.7193332686090208,1.6844093055546976,1.5278591
319,3.690000000000003,1.6754452028117859,1.6754452028117859,1.7193332686090208,1.7501933347682357,1.5514157
320,3.700000000000003,1.684774762188182,1.684774762188182,1.7193332686090208,1.7067705378917994,1.5514157
321,3.7100000000000026,1.694104321564578,1.694104321564578,1.7193332686090208,1.7067705378917994,1.5514157
322,3.720000000000003,1.703433880940974,1.703433880940974,1.7193332686090208,1.7184554048062062,1.5618759
323,3.730000000000003,1.7127634403173704,1.7127634403173704,1.7193332686090208,1.7184554048062062,1.5618759
324,3.740000000000003,1.7220929996937664,1.7220929996937664,1.7193332686090208,1.7111905978896003,1.5618759
325,3.7500000000000027,1.731422559070162,1.731422559070162,1.7193332686090208,1.6991904275148977,1.5618759
326,3.760000000000003,1.7407521184465584,1.7407521184465584,1.7193332686090208,1.6974980652948566,1.5655077
327,3.770000000000003,1.7500816778229549,1.7500816778229549,1.7193332686090208,1.7584122837304945,1.5890222
328,3.780000000000003,1.7594112371993504,1.7594112371993504,1.7193332686090208,1.7817388181916658,1.6029059
329,3.7900000000000027,1.7687407965757465,1.7687407965757465,1.7193332686090208,1.7770246261521658,1.6029059
330,3.800000000000003,1.778070355952143,1.778070355952143,1.7193332686090208,1.7850931241639614,1.6041445
331,3.810000000000003,1.787399915328539,1.787399915328539,1.7193332686090208,1.8117663326845528,1.6107491
332,3.820000000000003,1.796729474704935,1.796729474704935,1.9437463800118213,1.8010003238409271,1.6142135
333,3.8300000000000027,1.806059034081331,1.806059034081331,1.9437463800118213,1.827610164416644,1.6220038
334,3.840000000000003,1.815388593457727,1.815388593457727,1.9437463800118213,1.8499752634086903,1.6408695
335,3.850000000000003,1.8247181528341234,1.8247181528341234,1.9437463800118213,1.8198103268260946,1.6408695
336,3.860000000000003,1.834047712210519,1.834047712210519,1.9437463800118213,1.8198103268260946,1.6408695
337,3.8700000000000028,1.843377271586915,1.843377271586915,1.9437463800118213,1.8198103268260946,1.6408695
338,3.880000000000003,1.8527068309633115,1.8527068309633115,1.9437463800118213,1.8198103268260946,1.6408695
339,3.8900000000000032,1.8620363903397075,1.8620363903397075,1.9437463800118213,1.8198103268260946,1.6448959
340,3.900000000000003,1.8713659497161035,1.8713659497161035,1.9437463800118213,1.835280939536331,1.675013
341,3.910000000000003,1.8806955090924995,1.8806955090924995,1.9437463800118213,1.8385245676901156,1.675013
342,3.920000000000003,1.8900250684688955,1.8900250684688955,1.9437463800118213,1.8272091170839706,1.6777859
343,3.9300000000000033,1.899354627845292,1.899354627845292,1.9437463800118213,1.896603144138656,1.716977
344,3.940000000000003,1.908684187221688,1.908684187221688,1.9437463800118213,1.9748638201190962,1.7426035
345,3.950000000000003,1.9180137465980835,1.9180137465980835,1.9437463800118213,2.07382689498408,1.7684976
346,3.960000000000003,1.92734330597448,1.92734330597448,1.9437463800118213,2.054136442879342,1.7727647
347,3.9700000000000033,1.9366728653508765,1.9366728653508765,1.9437463800118213,2.08132770938674,1.7774384
348,3.980000000000003,1.946002424727272,1.946002424727272,1.9437463800118213,2.0330252274408847,1.7774384
349,3.990000000000003,1.955331984103668,1.955331984103668,1.9437463800118213,2.0330252274408847,1.7774384
